Post Text,Image URL,Publish Date,Platform,Link/CTA,Hashtags,Status,Notes
"Food for thought: Did you know Oklahoma has different service requirements depending on your document type? Subpoenas, summons, and eviction notices each follow unique rules under Oklahoma law. Understanding these differences can save you time and prevent costly delays in your legal proceedings.",https://imgur.com/placeholder.jpg,2026-04-14,LinkedIn,https://justlegalsolutions.org/process-serving,ProcessServing LegalEducation,Pending,Process Rules Education
"Real scenario: A Tulsa attorney recently had a case delayed because they used standard service rules for an eviction notice. In Oklahoma, eviction notices require specific handling under 12 O.S. § 158.1. Don't let procedural errors impact your case timeline.",https://imgur.com/placeholder.jpg,2026-04-15,Facebook,https://justlegalsolutions.org/eviction-notice-service,EvictionService OklahomaLaw,Pending,Process Rules Education
"Pro tip: Always verify your document type before initiating service in Oklahoma. Family law documents, civil subpoenas, and small claims papers each have distinct requirements. Knowing the difference ensures proper execution every time.",https://imgur.com/placeholder.jpg,2026-04-16,Google Business Profile,https://justlegalsolutions.org/process-serving,LegalTips ProcessServer,Pending,Process Rules Education
Oklahoma service rules vary by document. Know before you serve. #ProcessServing #OklahomaLaw,https://imgur.com/placeholder.jpg,2026-04-17,X.com,https://justlegalsolutions.org/process-serving,ProcessServing Legal,Pending,Process Rules Education
"Legal education hook: 12 O.S. § 2004 governs service of process in Oklahoma civil cases. This statute outlines who can serve papers, time limitations, and proper methods. Every legal professional should understand these foundational requirements for valid service.",https://imgur.com/placeholder.jpg,2026-04-18,LinkedIn,https://justlegalsolutions.org/process-serving,OklahomaLaw LegalEducation,Pending,Statute Education
"Food for thought: What makes service legally valid in Oklahoma? Under 12 O.S. § 2004, proper service requires specific procedures including timeframes, methods, and documentation. Invalid service can derail your entire case.",https://imgur.com/placeholder.jpg,2026-04-19,Facebook,https://justlegalsolutions.org/process-serving,LegalProcess Oklahoma,Pending,Statute Education
Real scenario: We recently assisted a client whose case was at risk due to improper service timing. 12 O.S. § 2004 specifies critical deadlines that must be followed. Our knowledge of these statutes helped save their case timeline.,https://imgur.com/placeholder.jpg,2026-04-20,Google Business Profile,https://justlegalsolutions.org/process-serving,LegalCompliance ProcessServer,Pending,Statute Education
12 O.S. § 2004 sets the rules for valid service in Oklahoma. Don't risk your case. #LegalStatute #ProcessServer,https://imgur.com/placeholder.jpg,2026-04-21,X.com,https://justlegalsolutions.org/process-serving,OklahomaLaw Legal,Pending,Statute Education
"Pro tip: Forcible entry and detainer cases in Oklahoma operate under 12 O.S. § 158.1, which has unique service requirements distinct from standard civil procedure. Eviction notices demand precise handling and timing.",https://imgur.com/placeholder.jpg,2026-04-22,LinkedIn,https://justlegalsolutions.org/eviction-notice-service,EvictionLaw OklahomaStatute,Pending,Statute Education
Food for thought: Did you know Oklahoma eviction service has its own statute? 12 O.S. § 158.1 creates specific rules for landlord-tenant disputes. Missing these requirements can invalidate your entire eviction proceeding.,https://imgur.com/placeholder.jpg,2026-04-23,Facebook,https://justlegalsolutions.org/eviction-notice-service,LandlordTenant OklahomaLaw,Pending,Statute Education
Real scenario: A property manager in Tulsa faced delays because their eviction notice wasn't served according to 12 O.S. § 158.1. Proper understanding of this statute from the start would have prevented weeks of setbacks.,https://imgur.com/placeholder.jpg,2026-04-24,Google Business Profile,https://justlegalsolutions.org/eviction-notice-service,PropertyManagement Legal,Pending,Statute Education
"Eviction service in Oklahoma follows 12 O.S. § 158.1. Specific rules, specific results. #EvictionService #OklahomaLaw",https://imgur.com/placeholder.jpg,2026-04-25,X.com,https://justlegalsolutions.org/eviction-notice-service,LandlordTenant Legal,Pending,Statute Education
"Food for thought: Sheriff or private process server—which is right for your Oklahoma case? While sheriffs provide official service, private servers often offer faster turnaround, better tracking, and more flexible scheduling.",https://imgur.com/placeholder.jpg,2026-04-26,LinkedIn,https://justlegalsolutions.org/process-serving,ProcessServer LegalServices,Pending,Service Comparison
Real scenario: A Tulsa law firm switched from sheriff service to our private process serving and reduced their average service time from 3 weeks to 3 days. Speed matters when court deadlines are approaching.,https://imgur.com/placeholder.jpg,2026-04-27,Facebook,https://justlegalsolutions.org/tulsa-process-server,TulsaLegal FastService,Pending,Service Comparison
"Pro tip: Private process servers in Oklahoma can provide GPS tracking, photo documentation, and real-time updates—features rarely available through sheriff departments. Technology enhances accountability.",https://imgur.com/placeholder.jpg,2026-04-28,Google Business Profile,https://justlegalsolutions.org/process-serving,LegalTech ProcessServing,Pending,Service Comparison
"Private process servers vs sheriff: Speed, tracking, flexibility. Your choice matters. #ProcessServer #LegalServices",https://imgur.com/placeholder.jpg,2026-04-29,X.com,https://justlegalsolutions.org/process-serving,OklahomaLegal FastService,Pending,Service Comparison
"Legal education hook: If you've been served with legal papers in Oklahoma, don't panic. You have specific rights and timeframes to respond. First step: read the documents carefully to understand what you're being asked to do.",https://imgur.com/placeholder.jpg,2026-04-30,LinkedIn,https://justlegalsolutions.org/process-serving,LegalRights OklahomaLaw,Pending,Being Served Guide
"Food for thought: What should you do immediately after being served in Oklahoma? Document everything, note the date and time, and contact an attorney promptly. Your response timeline starts ticking the moment you're served.",https://imgur.com/placeholder.jpg,2026-05-01,Facebook,https://justlegalsolutions.org/process-serving,LegalAdvice ServedPapers,Pending,Being Served Guide
"Real scenario: We served papers to a defendant who immediately contacted an attorney. Because they acted quickly, they had adequate time to prepare their response and meet court deadlines. Prompt action matters.",https://imgur.com/placeholder.jpg,2026-05-02,Google Business Profile,https://justlegalsolutions.org/process-serving,LegalProcess Served,Pending,Being Served Guide
"Been served in Oklahoma? Read carefully, document everything, call an attorney. Time matters. #LegalAdvice #ServedPapers",https://imgur.com/placeholder.jpg,2026-05-03,X.com,https://justlegalsolutions.org/process-serving,OklahomaLaw LegalHelp,Pending,Being Served Guide
"Pro tip: Due diligence in Oklahoma process serving means multiple attempts at different times, documentation of each effort, and thorough location verification. Courts expect reasonable effort before alternative service is granted.",https://imgur.com/placeholder.jpg,2026-05-04,LinkedIn,https://justlegalsolutions.org/process-serving,DueDiligence LegalProcess,Pending,Due Diligence
"Food for thought: What constitutes 'due diligence' when attempting service in Oklahoma? It's more than one try. Courts look for multiple attempts, various times of day, and documented efforts to locate the recipient.",https://imgur.com/placeholder.jpg,2026-05-05,Facebook,https://justlegalsolutions.org/process-serving,ServiceAttempts LegalStandard,Pending,Due Diligence
Real scenario: Our team made 6 attempts over 3 days at various times before successfully serving a hard-to-locate defendant. This due diligence ensured the service would withstand any court challenge.,https://imgur.com/placeholder.jpg,2026-05-06,Google Business Profile,https://justlegalsolutions.org/process-serving,ProcessServer Professional,Pending,Due Diligence
"Due diligence means multiple attempts, documented efforts, persistence. That's professional service. #ProcessServing #DueDiligence",https://imgur.com/placeholder.jpg,2026-05-07,X.com,https://justlegalsolutions.org/process-serving,LegalStandard Oklahoma,Pending,Due Diligence
Legal education hook: Substituted service in Oklahoma allows papers to be left with a competent adult at the defendant's residence or workplace. But strict rules apply—knowing them ensures your service holds up in court.,https://imgur.com/placeholder.jpg,2026-05-08,LinkedIn,https://justlegalsolutions.org/process-serving,SubstitutedService OklahomaLaw,Pending,Service Methods
"Food for thought: Can you serve someone at their workplace in Oklahoma? Yes, but workplace service has specific considerations including privacy and employer policies. Professional servers navigate these sensitively.",https://imgur.com/placeholder.jpg,2026-05-09,Facebook,https://justlegalsolutions.org/process-serving,WorkplaceService Legal,Pending,Service Methods
"Pro tip: Always get detailed affidavits of service in Oklahoma. A proper affidavit includes date, time, location, description of person served, and method used. Documentation protects your case.",https://imgur.com/placeholder.jpg,2026-05-10,Google Business Profile,https://justlegalsolutions.org/process-serving,AffidavitService LegalDocs,Pending,Service Methods
Proper affidavits protect your case. Details matter in Oklahoma service. #LegalDocumentation #ProcessServer,https://imgur.com/placeholder.jpg,2026-05-11,X.com,https://justlegalsolutions.org/process-serving,OklahomaLaw Legal,Pending,Service Methods
"Real scenario: A defendant claimed they were never served, but our GPS-tracked, photo-documented service provided irrefutable proof. Technology in process serving protects both servers and clients.",https://imgur.com/placeholder.jpg,2026-05-12,LinkedIn,https://justlegalsolutions.org/process-serving,GPSTracking LegalProof,Pending,Service Technology
"Food for thought: How do you prove service occurred when the defendant denies it? Modern process serving uses GPS, photos, and detailed affidavits to create an evidence trail that courts accept.",https://imgur.com/placeholder.jpg,2026-05-13,Facebook,https://justlegalsolutions.org/process-serving,LegalEvidence ServiceProof,Pending,Service Technology
"Pro tip: When serving someone who avoids service, professional skip tracing combined with strategic attempt timing increases success rates dramatically. Persistence and intelligence win.",https://imgur.com/placeholder.jpg,2026-05-14,Google Business Profile,https://justlegalsolutions.org/skip-tracing,SkipTracing ProcessServer,Pending,Service Technology
Avoiding service? Professional skip tracing finds them. Strategic attempts serve them. #SkipTracing #ProcessServer,https://imgur.com/placeholder.jpg,2026-05-15,X.com,https://justlegalsolutions.org/skip-tracing,LegalServices Oklahoma,Pending,Service Technology
"Legal education hook: Service by publication in Oklahoma is a last resort when personal service is impossible. It requires court approval, specific publication requirements, and strict compliance with 12 O.S. § 2004.",https://imgur.com/placeholder.jpg,2026-05-16,LinkedIn,https://justlegalsolutions.org/process-serving,ServiceByPublication Legal,Pending,Alternative Service
Food for thought: When is service by publication appropriate in Oklahoma? Only after due diligence proves the defendant cannot be located through reasonable efforts. Courts scrutinize these requests carefully.,https://imgur.com/placeholder.jpg,2026-05-17,Facebook,https://justlegalsolutions.org/process-serving,OklahomaCourt LegalProcess,Pending,Alternative Service
Real scenario: We helped an attorney document 12 separate service attempts across multiple addresses before the court approved publication service. Thoroughness matters for alternative service approval.,https://imgur.com/placeholder.jpg,2026-05-18,Google Business Profile,https://justlegalsolutions.org/process-serving,LegalDocumentation Court,Pending,Alternative Service
Service by publication requires court approval and documented due diligence. Do it right. #LegalProcess #OklahomaCourt,https://imgur.com/placeholder.jpg,2026-05-19,X.com,https://justlegalsolutions.org/process-serving,ServiceByPublication Legal,Pending,Alternative Service
Pro tip: Rush service in Oklahoma is available when court deadlines loom. Professional process servers understand urgency and can prioritize your case while maintaining proper procedure and documentation.,https://imgur.com/placeholder.jpg,2026-05-20,LinkedIn,https://justlegalsolutions.org/process-serving,RushService LegalDeadline,Pending,Rush Service
"Food for thought: What happens when you need papers served tomorrow in Oklahoma? Rush service options exist, but they require immediate action and clear communication with your process server.",https://imgur.com/placeholder.jpg,2026-05-21,Facebook,https://justlegalsolutions.org/process-serving,UrgentService Legal,Pending,Rush Service
Real scenario: A Tulsa attorney called us at 4 PM needing service by 9 AM the next day for an emergency hearing. Our rush service team made it happen with full documentation. Deadlines met.,https://imgur.com/placeholder.jpg,2026-05-22,Google Business Profile,https://justlegalsolutions.org/tulsa-process-server,EmergencyService Tulsa,Pending,Rush Service
Court deadline tomorrow? Rush service gets it done. Professional and prompt. #RushService #LegalDeadline,https://imgur.com/placeholder.jpg,2026-05-23,X.com,https://justlegalsolutions.org/process-serving,UrgentService Oklahoma,Pending,Rush Service
Legal education hook: Out-of-state service in Oklahoma cases requires understanding both Oklahoma rules and the rules of the state where service occurs. Interstate service adds complexity but is manageable with expertise.,https://imgur.com/placeholder.jpg,2026-05-24,LinkedIn,https://justlegalsolutions.org/process-serving,OutOfStateService Legal,Pending,Interstate Service
"Food for thought: Serving someone in another state for your Oklahoma case? Each state has different rules, and compliance with both jurisdictions is essential for valid service.",https://imgur.com/placeholder.jpg,2026-05-25,Facebook,https://justlegalsolutions.org/process-serving,InterstateService Legal,Pending,Interstate Service
"Pro tip: For out-of-state service, work with process servers who understand interstate requirements and can coordinate across jurisdictions. Experience with multi-state service prevents costly errors.",https://imgur.com/placeholder.jpg,2026-05-26,Google Business Profile,https://justlegalsolutions.org/process-serving,MultiStateService Legal,Pending,Interstate Service
Out-of-state service for Oklahoma cases? Know both states' rules. #InterstateService #LegalProcess,https://imgur.com/placeholder.jpg,2026-05-27,X.com,https://justlegalsolutions.org/process-serving,OutOfStateService Legal,Pending,Interstate Service
Real scenario: A defendant tried to evade service by constantly changing locations. Our team's persistent efforts and skip tracing expertise located and served them within 48 hours. We don't give up.,https://imgur.com/placeholder.jpg,2026-05-28,LinkedIn,https://justlegalsolutions.org/skip-tracing,PersistentService Legal,Pending,Service Persistence
"Food for thought: What makes a process server effective with evasive defendants? Persistence, creativity, skip tracing skills, and knowledge of human behavior patterns. Professional servers don't quit.",https://imgur.com/placeholder.jpg,2026-05-29,Facebook,https://justlegalsolutions.org/process-serving,ProfessionalServer Legal,Pending,Service Persistence
"Pro tip: The best process servers treat evasive defendants as challenges to solve, not obstacles to avoid. Every successful service requires strategy, patience, and determination.",https://imgur.com/placeholder.jpg,2026-05-30,Google Business Profile,https://justlegalsolutions.org/process-serving,ProcessServerTips Legal,Pending,Service Persistence
Evasive defendant? Challenge accepted. Professional servers don't quit. #ProcessServer #LegalServices,https://imgur.com/placeholder.jpg,2026-05-31,X.com,https://justlegalsolutions.org/process-serving,Persistence Legal,Pending,Service Persistence
Legal education hook: Corporate service in Oklahoma has unique requirements. Serving a business entity requires delivering papers to the registered agent or an authorized representative—knowing who qualifies is crucial.,https://imgur.com/placeholder.jpg,2026-06-01,LinkedIn,https://justlegalsolutions.org/process-serving,CorporateService Oklahoma,Pending,Business Service
"Food for thought: Who can accept service for a corporation in Oklahoma? The registered agent is primary, but officers and authorized representatives may also qualify. Proper identification prevents invalid service.",https://imgur.com/placeholder.jpg,2026-06-02,Facebook,https://justlegalsolutions.org/process-serving,BusinessService Legal,Pending,Business Service
Real scenario: We verified a company's registered agent through Oklahoma Secretary of State records before attempting service. This due diligence ensured the service was valid and defensible.,https://imgur.com/placeholder.jpg,2026-06-03,Google Business Profile,https://justlegalsolutions.org/process-serving,RegisteredAgent Legal,Pending,Business Service
Serving a corporation? Verify the registered agent first. Valid service depends on it. #CorporateService #OklahomaBusiness,https://imgur.com/placeholder.jpg,2026-06-04,X.com,https://justlegalsolutions.org/process-serving,BusinessLaw Legal,Pending,Business Service
"Legal education hook: Did you know there are different types of notarization in Oklahoma? Acknowledgments, jurats, copy certifications, and signature witnessing each serve distinct legal purposes and require specific procedures.",https://imgur.com/placeholder.jpg,2026-06-05,LinkedIn,https://justlegalsolutions.org/notary,NotaryEducation Legal,Pending,Notary Types
"Food for thought: What type of notarization does your document need? Acknowledgments verify identity, jurats require sworn oaths, and copy certifications attest to document authenticity. Choosing correctly matters.",https://imgur.com/placeholder.jpg,2026-06-06,Facebook,https://justlegalsolutions.org/notary,NotaryTypes LegalDocs,Pending,Notary Types
Real scenario: A client brought us a document requiring a jurat but requested an acknowledgment. We explained the difference—jurats require swearing to document truthfulness while acknowledgments verify signing identity.,https://imgur.com/placeholder.jpg,2026-06-07,Google Business Profile,https://justlegalsolutions.org/notary,NotaryServices Legal,Pending,Notary Types
Acknowledgment vs jurat: Know the difference. Your document's validity depends on it. #Notary #LegalEducation,https://imgur.com/placeholder.jpg,2026-06-08,X.com,https://justlegalsolutions.org/notary,OklahomaNotary Legal,Pending,Notary Types
"Pro tip: Power of Attorney documents in Oklahoma require specific notarization procedures. Most POAs need acknowledgment notarization, and some require witness signatures in addition to notarization.",https://imgur.com/placeholder.jpg,2026-06-09,LinkedIn,https://justlegalsolutions.org/notary,PowerOfAttorney Notary,Pending,POA Notarization
"Food for thought: Is your Oklahoma Power of Attorney properly notarized? POA documents have strict requirements, and improper notarization can render them invalid when you need them most.",https://imgur.com/placeholder.jpg,2026-06-10,Facebook,https://justlegalsolutions.org/notary,POA LegalDocuments,Pending,POA Notarization
Real scenario: We notarized a healthcare POA for a family preparing for surgery. Understanding the specific requirements ensured the document would be accepted by medical facilities when critical decisions were needed.,https://imgur.com/placeholder.jpg,2026-06-11,Google Business Profile,https://justlegalsolutions.org/notary,HealthcarePOA Notary,Pending,POA Notarization
POA notarization in Oklahoma: Specific requirements for critical documents. #PowerOfAttorney #Notary,https://imgur.com/placeholder.jpg,2026-06-12,X.com,https://justlegalsolutions.org/notary,LegalDocuments Oklahoma,Pending,POA Notarization
Food for thought: Need a notary at an Oklahoma hospital? Mobile notary services bring professional notarization to patients' bedsides. Timing is critical—delays can have serious consequences.,https://imgur.com/placeholder.jpg,2026-06-13,LinkedIn,https://justlegalsolutions.org/mobile-notary,HospitalNotary MobileNotary,Pending,Emergency Notary
"Real scenario: We received an urgent call at 8 PM for a hospital notarization. Within an hour, our mobile notary was at the patient's bedside completing critical healthcare documents. Emergency service matters.",https://imgur.com/placeholder.jpg,2026-06-14,Facebook,https://justlegalsolutions.org/mobile-notary,EmergencyNotary Tulsa,Pending,Emergency Notary
"Pro tip: Hospital notarizations require extra care. Patients must be alert, understand the document, and sign voluntarily. Professional mobile notaries assess capacity and ensure valid execution.",https://imgur.com/placeholder.jpg,2026-06-15,Google Business Profile,https://justlegalsolutions.org/mobile-notary,HospitalNotary Legal,Pending,Emergency Notary
"Hospital notary needed? Mobile service brings the notary to you. Fast, professional. #MobileNotary #HospitalNotary",https://imgur.com/placeholder.jpg,2026-06-16,X.com,https://justlegalsolutions.org/mobile-notary,OklahomaNotary Emergency,Pending,Emergency Notary
"Legal education hook: Remote Online Notarization (RON) is now available in Oklahoma, offering digital notarization via secure video conference. But not all documents qualify—knowing when RON works is essential.",https://imgur.com/placeholder.jpg,2026-06-17,LinkedIn,https://justlegalsolutions.org/notary,RemoteNotary RON Oklahoma,Pending,RON Education
"Food for thought: Should you choose RON or in-person notarization in Oklahoma? RON offers convenience, but some documents still require physical presence. Understanding the difference saves time.",https://imgur.com/placeholder.jpg,2026-06-18,Facebook,https://justlegalsolutions.org/notary,OnlineNotary Legal,Pending,RON Education
"Real scenario: A client needed immediate notarization for a real estate document that didn't qualify for RON. Our mobile notary arrived within the hour, preventing a closing delay. Right method, right result.",https://imgur.com/placeholder.jpg,2026-06-19,Google Business Profile,https://justlegalsolutions.org/mobile-notary,MobileNotary RealEstate,Pending,RON Education
RON vs in-person: Know which your document requires. Both available in Oklahoma. #RemoteNotary #NotaryServices,https://imgur.com/placeholder.jpg,2026-06-20,X.com,https://justlegalsolutions.org/notary,OklahomaNotary Legal,Pending,RON Education
"Pro tip: Common notarization mistakes include signing before meeting the notary, incomplete documents, and expired IDs. These errors cause delays and can invalidate your notarized documents.",https://imgur.com/placeholder.jpg,2026-06-21,LinkedIn,https://justlegalsolutions.org/notary,NotaryTips Legal,Pending,Notary Mistakes
"Food for thought: Why was your document rejected after notarization? Common issues include missing pages, unsigned sections, and improper notary certificate wording. Preparation prevents problems.",https://imgur.com/placeholder.jpg,2026-06-22,Facebook,https://justlegalsolutions.org/notary,NotaryMistakes LegalDocs,Pending,Notary Mistakes
Real scenario: A client's document was rejected by the court because they signed it before meeting the notary. We explained the requirement and completed proper notarization—sign in the notary's presence.,https://imgur.com/placeholder.jpg,2026-06-23,Google Business Profile,https://justlegalsolutions.org/notary,NotaryRequirements Legal,Pending,Notary Mistakes
"Don't sign before meeting your notary. Common mistake, easy fix. #NotaryTips #LegalDocuments",https://imgur.com/placeholder.jpg,2026-06-24,X.com,https://justlegalsolutions.org/notary,OklahomaNotary Legal,Pending,Notary Mistakes
Legal education hook: Oklahoma notaries must verify signer identity through satisfactory evidence—typically government-issued photo ID. Knowing what constitutes valid ID prevents notarization complications.,https://imgur.com/placeholder.jpg,2026-06-25,LinkedIn,https://justlegalsolutions.org/notary,NotaryID Legal,Pending,Notary Requirements
Food for thought: What ID do you need for notarization in Oklahoma? Current government-issued photo identification with signature is standard. Expired IDs and photocopies won't work.,https://imgur.com/placeholder.jpg,2026-06-26,Facebook,https://justlegalsolutions.org/notary,NotaryID Oklahoma,Pending,Notary Requirements
"Pro tip: If your ID is expired, bring a credible witness who knows you and has valid ID. Oklahoma allows this alternative for identity verification when standard ID isn't available.",https://imgur.com/placeholder.jpg,2026-06-27,Google Business Profile,https://justlegalsolutions.org/notary,CredibleWitness Notary,Pending,Notary Requirements
Expired ID? Credible witness can help. Oklahoma notary alternatives exist. #Notary #LegalTips,https://imgur.com/placeholder.jpg,2026-06-28,X.com,https://justlegalsolutions.org/notary,OklahomaNotary Legal,Pending,Notary Requirements
"Real scenario: A business needed 50 documents notarized for an international deal. Our mobile notary team completed all documents efficiently at their office, minimizing business disruption.",https://imgur.com/placeholder.jpg,2026-06-29,LinkedIn,https://justlegalsolutions.org/mobile-notary,BusinessNotary Mobile,Pending,Business Notary
"Food for thought: How do businesses handle high-volume notarization needs? Mobile notary services come to your location, saving employee time and maintaining productivity during document execution.",https://imgur.com/placeholder.jpg,2026-06-30,Facebook,https://justlegalsolutions.org/mobile-notary,CorporateNotary Legal,Pending,Business Notary
"Pro tip: For business notarization needs, schedule mobile notary services in advance for large document volumes. Preparation ensures efficient processing and minimal business interruption.",https://imgur.com/placeholder.jpg,2026-07-01,Google Business Profile,https://justlegalsolutions.org/mobile-notary,BusinessNotary Tips,Pending,Business Notary
50 documents to notarize? Mobile service comes to you. Efficient business solutions. #MobileNotary #BusinessNotary,https://imgur.com/placeholder.jpg,2026-07-02,X.com,https://justlegalsolutions.org/mobile-notary,OklahomaNotary Corporate,Pending,Business Notary
Legal education hook: Apostille certification in Oklahoma authenticates notarized documents for international use. The process requires specific steps and state certification—understanding the requirements is crucial.,https://imgur.com/placeholder.jpg,2026-07-03,LinkedIn,https://justlegalsolutions.org/apostille,Apostille Oklahoma Legal,Pending,Apostille Education
Food for thought: Sending documents overseas? They likely need apostille certification. Oklahoma's apostille process validates notarization for countries in the Hague Convention.,https://imgur.com/placeholder.jpg,2026-07-04,Facebook,https://justlegalsolutions.org/apostille,InternationalDocs Apostille,Pending,Apostille Education
Real scenario: We helped a client navigate the apostille process for adoption documents going to Eastern Europe. Proper notarization and apostille certification ensured acceptance by foreign authorities.,https://imgur.com/placeholder.jpg,2026-07-05,Google Business Profile,https://justlegalsolutions.org/apostille,AdoptionDocs Apostille,Pending,Apostille Education
Documents going abroad? Apostille certification makes them valid internationally. #Apostille #InternationalLaw,https://imgur.com/placeholder.jpg,2026-07-06,X.com,https://justlegalsolutions.org/apostille,OklahomaLegal Global,Pending,Apostille Education
"Pro tip: Real estate documents often require specific notarization procedures in Oklahoma. Deeds, mortgages, and closing documents have unique requirements—professional notaries know the differences.",https://imgur.com/placeholder.jpg,2026-07-07,LinkedIn,https://justlegalsolutions.org/notary,RealEstateNotary Legal,Pending,Real Estate Notary
Food for thought: Closing on Oklahoma property? Your documents need proper notarization. Real estate notarization has specific requirements that general notaries might miss.,https://imgur.com/placeholder.jpg,2026-07-08,Facebook,https://justlegalsolutions.org/notary,RealEstateClosing Notary,Pending,Real Estate Notary
"Real scenario: A Tulsa home closing was at risk because of improper notarization on the deed. Our experienced notary caught the issue and completed correct notarization, saving the closing.",https://imgur.com/placeholder.jpg,2026-07-09,Google Business Profile,https://justlegalsolutions.org/tulsa-process-server,TulsaRealEstate Notary,Pending,Real Estate Notary
Real estate closing in Tulsa? Proper notarization protects your investment. #RealEstateNotary #Tulsa,https://imgur.com/placeholder.jpg,2026-07-10,X.com,https://justlegalsolutions.org/notary,OklahomaRealEstate Legal,Pending,Real Estate Notary
Legal education hook: Oklahoma notaries cannot notarize their own signatures or documents where they have a financial interest. Understanding notary impartiality requirements protects document validity.,https://imgur.com/placeholder.jpg,2026-07-11,LinkedIn,https://justlegalsolutions.org/notary,NotaryEthics Legal,Pending,Notary Ethics
"Food for thought: Can a notary notarize for family members in Oklahoma? While not prohibited, conflicts of interest can invalidate notarization. Professional notaries maintain impartiality.",https://imgur.com/placeholder.jpg,2026-07-12,Facebook,https://justlegalsolutions.org/notary,NotaryImpartiality Legal,Pending,Notary Ethics
Pro tip: Choose notaries who understand ethical boundaries. Impartial notarization holds up better under legal scrutiny than notarization with potential conflicts of interest.,https://imgur.com/placeholder.jpg,2026-07-13,Google Business Profile,https://justlegalsolutions.org/notary,ProfessionalNotary Ethics,Pending,Notary Ethics
Notary impartiality matters. Choose professionals who understand ethical boundaries. #NotaryEthics #Legal,https://imgur.com/placeholder.jpg,2026-07-14,X.com,https://justlegalsolutions.org/notary,OklahomaNotary Professional,Pending,Notary Ethics
"Pro tip: Filing documents at Tulsa County Courthouse? Arrive early, bring exact change for fees, and know which floor handles your case type. Preparation saves time in Oklahoma's busiest courthouse.",https://imgur.com/placeholder.jpg,2026-07-15,LinkedIn,https://justlegalsolutions.org/tulsa-process-server,TulsaCourthouse Legal,Pending,Courthouse Tips
Food for thought: What's the best time to visit Oklahoma County Courthouse? Mid-morning on Tuesdays and Wednesdays typically has shorter lines. Planning your visit strategically reduces wait times.,https://imgur.com/placeholder.jpg,2026-07-16,Facebook,https://justlegalsolutions.org/process-serving,OklahomaCounty Legal,Pending,Courthouse Tips
Real scenario: We helped a client navigate Creek County Courthouse procedures for an emergency filing. Knowing the local processes and personnel made the difference in meeting their deadline.,https://imgur.com/placeholder.jpg,2026-07-17,Google Business Profile,https://justlegalsolutions.org/process-serving,CreekCounty Oklahoma,Pending,Courthouse Tips
"Tulsa County Courthouse tip: Early arrival, exact change, know your floor. Save time. #TulsaCourthouse #Legal",https://imgur.com/placeholder.jpg,2026-07-18,X.com,https://justlegalsolutions.org/tulsa-process-server,OklahomaCourts Legal,Pending,Courthouse Tips
"Food for thought: Did you know Tulsa has specific neighborhoods where service can be challenging? From gated communities to apartment complexes, local knowledge improves service success rates.",https://imgur.com/placeholder.jpg,2026-07-19,LinkedIn,https://justlegalsolutions.org/tulsa-process-server,TulsaService Local,Pending,City Spotlight
Real scenario: Our Tulsa team successfully served papers in a secure downtown high-rise by coordinating with building management and timing our visit perfectly. Local expertise matters.,https://imgur.com/placeholder.jpg,2026-07-20,Facebook,https://justlegalsolutions.org/tulsa-process-server,TulsaProcessServer Local,Pending,City Spotlight
"Pro tip: Serving papers in Broken Arrow or surrounding Tulsa metro areas? Understanding suburban layouts, gate codes, and neighborhood patterns improves service efficiency.",https://imgur.com/placeholder.jpg,2026-07-21,Google Business Profile,https://justlegalsolutions.org/tulsa-process-server,BrokenArrow TulsaMetro,Pending,City Spotlight
"Tulsa metro service: Local knowledge of neighborhoods, gates, patterns. We know Tulsa. #Tulsa #ProcessServer",https://imgur.com/placeholder.jpg,2026-07-22,X.com,https://justlegalsolutions.org/tulsa-process-server,TulsaOklahoma Local,Pending,City Spotlight
Legal education hook: Oklahoma's court system includes 77 district courts—one for each county. This decentralized structure makes local knowledge valuable for legal professionals statewide.,https://imgur.com/placeholder.jpg,2026-07-23,LinkedIn,https://justlegalsolutions.org/process-serving,OklahomaCourts Legal,Pending,OK Legal Facts
Food for thought: Did you know Oklahoma was the first state to adopt universal suffrage? Our progressive legal history continues today with modern court procedures and technology adoption.,https://imgur.com/placeholder.jpg,2026-07-24,Facebook,https://justlegalsolutions.org/process-serving,OklahomaHistory Legal,Pending,OK Legal Facts
"Real scenario: We serve papers across all 77 Oklahoma counties. From urban Tulsa to rural western Oklahoma, our statewide coverage ensures consistent professional service everywhere.",https://imgur.com/placeholder.jpg,2026-07-25,Google Business Profile,https://justlegalsolutions.org/process-serving,OklahomaWide Legal,Pending,OK Legal Facts
"77 counties, 77 district courts in Oklahoma. Statewide service requires statewide knowledge. #Oklahoma #Legal",https://imgur.com/placeholder.jpg,2026-07-26,X.com,https://justlegalsolutions.org/process-serving,OklahomaLaw Statewide,Pending,OK Legal Facts
"Food for thought: Winter weather affecting your Oklahoma legal timeline? Courts may close, but deadlines often remain. Planning ahead for seasonal disruptions protects your case schedule.",https://imgur.com/placeholder.jpg,2026-07-27,LinkedIn,https://justlegalsolutions.org/process-serving,OklahomaWeather Legal,Pending,Seasonal Tips
Pro tip: Spring storm season in Oklahoma can disrupt court schedules. Build buffer time into your service deadlines during severe weather months. Flexibility prevents delays.,https://imgur.com/placeholder.jpg,2026-07-28,Facebook,https://justlegalsolutions.org/process-serving,StormSeason Oklahoma,Pending,Seasonal Tips
"Real scenario: During a winter storm closure, we used our knowledge of Oklahoma court emergency procedures to advise a client on deadline extensions. Local expertise provides peace of mind.",https://imgur.com/placeholder.jpg,2026-07-29,Google Business Profile,https://justlegalsolutions.org/process-serving,OklahomaWinter Legal,Pending,Seasonal Tips
"Oklahoma weather can disrupt courts. Plan ahead, build buffer time. Stay prepared. #OklahomaWeather #Legal",https://imgur.com/placeholder.jpg,2026-07-30,X.com,https://justlegalsolutions.org/process-serving,OklahomaLaw Seasonal,Pending,Seasonal Tips
Legal education hook: Each Oklahoma county has unique local rules that supplement state procedures. Understanding Tulsa County's specific requirements prevents filing delays and rejected documents.,https://imgur.com/placeholder.jpg,2026-07-31,LinkedIn,https://justlegalsolutions.org/tulsa-process-server,TulsaCountyRules Legal,Pending,Local Rules
"Food for thought: What's different about serving papers in rural Oklahoma counties? Distance, accessibility, and local customs all play a role in successful service strategies.",https://imgur.com/placeholder.jpg,2026-08-01,Facebook,https://justlegalsolutions.org/process-serving,RuralOklahoma Legal,Pending,Local Rules
"Pro tip: When serving papers in smaller Oklahoma counties, build extra time into your schedule. Rural service often requires travel and multiple attempts over several days.",https://imgur.com/placeholder.jpg,2026-08-02,Google Business Profile,https://justlegalsolutions.org/process-serving,RuralService Oklahoma,Pending,Local Rules
"Rural Oklahoma service: Extra time, extra planning, extra persistence. We cover it all. #RuralOklahoma #ProcessServer",https://imgur.com/placeholder.jpg,2026-08-03,X.com,https://justlegalsolutions.org/process-serving,OklahomaRural Legal,Pending,Local Rules
Real scenario: A client needed service in a remote Oklahoma panhandle county. Our network of professional servers covered the 300-mile distance efficiently. Statewide reach matters.,https://imgur.com/placeholder.jpg,2026-08-04,LinkedIn,https://justlegalsolutions.org/process-serving,OklahomaPanhandle Legal,Pending,Statewide Coverage
"Food for thought: How do you serve papers in Oklahoma's most remote areas? Professional networks, local connections, and experienced servers who understand rural logistics.",https://imgur.com/placeholder.jpg,2026-08-05,Facebook,https://justlegalsolutions.org/process-serving,RemoteOklahoma Service,Pending,Statewide Coverage
"Pro tip: For statewide Oklahoma service, choose a provider with actual coverage across all 77 counties, not just major metros. True statewide capability requires real presence.",https://imgur.com/placeholder.jpg,2026-08-06,Google Business Profile,https://justlegalsolutions.org/process-serving,StatewideService Oklahoma,Pending,Statewide Coverage
"All 77 Oklahoma counties covered. From Tulsa to the Panhandle, we've got you. #StatewideService #Oklahoma",https://imgur.com/placeholder.jpg,2026-08-07,X.com,https://justlegalsolutions.org/process-serving,OklahomaLegal Coverage,Pending,Statewide Coverage
Food for thought: Did you know Tulsa has specific rules for serving papers in certain neighborhoods? Local ordinances and HOA regulations can affect service procedures.,https://imgur.com/placeholder.jpg,2026-08-08,LinkedIn,https://justlegalsolutions.org/tulsa-process-server,TulsaLocalRules Legal,Pending,Local Ordinances
Real scenario: We navigated complex gate codes and security protocols to serve papers in a Tulsa gated community. Local knowledge of community procedures made successful service possible.,https://imgur.com/placeholder.jpg,2026-08-09,Facebook,https://justlegalsolutions.org/tulsa-process-server,GatedCommunity Tulsa,Pending,Local Ordinances
"Pro tip: When serving in Tulsa apartment complexes, understand tenant privacy laws and property manager protocols. Professional servers respect boundaries while completing service.",https://imgur.com/placeholder.jpg,2026-08-10,Google Business Profile,https://justlegalsolutions.org/tulsa-process-server,TulsaApartments Legal,Pending,Local Ordinances
Tulsa gated communities? We know the protocols. Professional local service. #Tulsa #ProcessServer,https://imgur.com/placeholder.jpg,2026-08-11,X.com,https://justlegalsolutions.org/tulsa-process-server,TulsaLocal Legal,Pending,Local Ordinances
Legal education hook: Oklahoma's tribal jurisdictions add complexity to legal service. Understanding tribal court procedures and jurisdictional boundaries is essential for valid service.,https://imgur.com/placeholder.jpg,2026-08-12,LinkedIn,https://justlegalsolutions.org/process-serving,TribalJurisdiction Oklahoma,Pending,Tribal Law
"Food for thought: Serving papers on tribal land in Oklahoma? Tribal courts have their own procedures, and coordination between state and tribal systems requires specialized knowledge.",https://imgur.com/placeholder.jpg,2026-08-13,Facebook,https://justlegalsolutions.org/process-serving,OklahomaTribal Legal,Pending,Tribal Law
Real scenario: We coordinated with tribal authorities for service within Oklahoma tribal jurisdiction. Understanding the intersection of state and tribal law ensured proper procedure.,https://imgur.com/placeholder.jpg,2026-08-14,Google Business Profile,https://justlegalsolutions.org/process-serving,TribalService Oklahoma,Pending,Tribal Law
Tribal jurisdiction in Oklahoma? Specialized knowledge for proper service. #TribalLaw #Oklahoma,https://imgur.com/placeholder.jpg,2026-08-15,X.com,https://justlegalsolutions.org/process-serving,OklahomaTribal Legal,Pending,Tribal Law
"Pro tip: Downtown Tulsa parking for courthouse visits? The municipal lot on Denver offers reasonable rates, and early arrival ensures closer spots. Plan your courthouse visit.",https://imgur.com/placeholder.jpg,2026-08-16,LinkedIn,https://justlegalsolutions.org/tulsa-process-server,TulsaParking Courthouse,Pending,Local Tips
"Food for thought: What's the fastest way to get in and out of Tulsa County Courthouse? Online case lookup before you go, prepared documents, and knowing your exact filing needs.",https://imgur.com/placeholder.jpg,2026-08-17,Facebook,https://justlegalsolutions.org/tulsa-process-server,TulsaCourthouseTips Legal,Pending,Local Tips
"Real scenario: We guided a first-time filer through Tulsa County Courthouse procedures, saving them hours of confusion. Local guidance makes the legal system more accessible.",https://imgur.com/placeholder.jpg,2026-08-18,Google Business Profile,https://justlegalsolutions.org/tulsa-process-server,TulsaLegalHelp Local,Pending,Local Tips
First time at Tulsa County Courthouse? Local guidance saves hours. We're here to help. #Tulsa #LegalHelp,https://imgur.com/placeholder.jpg,2026-08-19,X.com,https://justlegalsolutions.org/tulsa-process-server,TulsaOklahoma Local,Pending,Local Tips
"Pro tip: Preparing documents for service in Oklahoma? Ensure all pages are complete, addresses are current, and you have accurate recipient information. Preparation prevents service delays.",https://imgur.com/placeholder.jpg,2026-08-20,LinkedIn,https://justlegalsolutions.org/process-serving,DocumentPrep Legal,Pending,Document Prep
"Food for thought: What information does your process server need for successful service? Full legal names, current addresses, physical descriptions, and best contact times all improve success rates.",https://imgur.com/placeholder.jpg,2026-08-21,Facebook,https://justlegalsolutions.org/process-serving,ServicePrep Legal,Pending,Document Prep
"Real scenario: A client's service was delayed because they provided an outdated address. We used skip tracing to locate the current address, but accurate information from the start would have saved time.",https://imgur.com/placeholder.jpg,2026-08-22,Google Business Profile,https://justlegalsolutions.org/skip-tracing,AccurateInfo Service,Pending,Document Prep
Preparing documents for service? Accurate info = faster service. #DocumentPrep #Legal,https://imgur.com/placeholder.jpg,2026-08-23,X.com,https://justlegalsolutions.org/process-serving,LegalDocuments Oklahoma,Pending,Document Prep
"Legal education hook: Oklahoma process serving timelines vary based on location, recipient availability, and service complexity. Understanding realistic timeframes helps you plan your case strategy.",https://imgur.com/placeholder.jpg,2026-08-24,LinkedIn,https://justlegalsolutions.org/process-serving,ServiceTimeline Legal,Pending,Timeline Education
"Food for thought: How long does process serving take in Oklahoma? Standard service typically takes 3-7 days, but rural areas, evasive defendants, and complex situations may extend timelines.",https://imgur.com/placeholder.jpg,2026-08-25,Facebook,https://justlegalsolutions.org/process-serving,OklahomaTimeline Legal,Pending,Timeline Education
Real scenario: We completed rush service in Tulsa within 24 hours for an emergency deadline. Understanding urgency and having resources available makes tight timelines achievable.,https://imgur.com/placeholder.jpg,2026-08-26,Google Business Profile,https://justlegalsolutions.org/tulsa-process-server,RushService Timeline,Pending,Timeline Education
"Oklahoma service timelines: 3-7 days standard, 24 hours for rush. Plan accordingly. #ServiceTimeline #Legal",https://imgur.com/placeholder.jpg,2026-08-27,X.com,https://justlegalsolutions.org/process-serving,OklahomaLegal Timeline,Pending,Timeline Education
"Food for thought: What should professional process serving cost in Oklahoma? Transparent pricing includes attempt fees, mileage, rush charges, and affidavit costs. No surprises, clear expectations.",https://imgur.com/placeholder.jpg,2026-08-28,LinkedIn,https://justlegalsolutions.org/process-serving,ProcessServerPricing Legal,Pending,Pricing Transparency
Real scenario: A client chose us after experiencing hidden fees with another provider. Our upfront pricing structure meant they knew exactly what to expect—no surprises on the invoice.,https://imgur.com/placeholder.jpg,2026-08-29,Facebook,https://justlegalsolutions.org/process-serving,TransparentPricing Legal,Pending,Pricing Transparency
"Pro tip: When comparing process server pricing, look beyond the base rate. Ask about attempt limits, mileage charges, and rush fees to understand true costs.",https://imgur.com/placeholder.jpg,2026-08-30,Google Business Profile,https://justlegalsolutions.org/process-serving,PricingComparison Legal,Pending,Pricing Transparency
"Transparent pricing, no surprises. Know your costs upfront. #Pricing #LegalServices",https://imgur.com/placeholder.jpg,2026-08-31,X.com,https://justlegalsolutions.org/process-serving,OklahomaLegal Pricing,Pending,Pricing Transparency
Legal education hook: GPS tracking in process serving provides verifiable proof of service attempts and completions. This technology creates an evidence trail that courts increasingly expect.,https://imgur.com/placeholder.jpg,2026-09-01,LinkedIn,https://justlegalsolutions.org/process-serving,GPSTracking Legal,Pending,GPS Benefits
"Food for thought: How do you prove service occurred when the defendant denies it? GPS tracking, timestamped photos, and detailed affidavits create undeniable proof of service.",https://imgur.com/placeholder.jpg,2026-09-02,Facebook,https://justlegalsolutions.org/process-serving,ServiceProof Legal,Pending,GPS Benefits
Real scenario: A defendant claimed our server never attempted service. Our GPS logs showed 3 attempts at their address with timestamps. Technology provided the proof that silenced the challenge.,https://imgur.com/placeholder.jpg,2026-09-03,Google Business Profile,https://justlegalsolutions.org/process-serving,GPSProof Legal,Pending,GPS Benefits
GPS tracking = proof of service. Technology protects your case. #GPSTracking #Legal,https://imgur.com/placeholder.jpg,2026-09-04,X.com,https://justlegalsolutions.org/process-serving,LegalTech Oklahoma,Pending,GPS Benefits
"Pro tip: After service is complete, you'll receive an affidavit of service—keep this document safe. It's your legal proof that service occurred properly and may be needed for court proceedings.",https://imgur.com/placeholder.jpg,2026-09-05,LinkedIn,https://justlegalsolutions.org/process-serving,AffidavitService Legal,Pending,Post-Service
"Food for thought: What happens after your papers are served? You receive documentation proving service, which gets filed with the court. Understanding the complete process helps you track case progress.",https://imgur.com/placeholder.jpg,2026-09-06,Facebook,https://justlegalsolutions.org/process-serving,ServiceProcess Legal,Pending,Post-Service
Real scenario: We provided detailed service documentation that helped a client prove proper notice in court. Complete records make the difference when service is challenged.,https://imgur.com/placeholder.jpg,2026-09-07,Google Business Profile,https://justlegalsolutions.org/process-serving,ServiceDocumentation Legal,Pending,Post-Service
Keep your affidavit of service safe. It's your proof in court. #LegalDocumentation #Service,https://imgur.com/placeholder.jpg,2026-09-08,X.com,https://justlegalsolutions.org/process-serving,OklahomaLegal Proof,Pending,Post-Service
Legal education hook: Substituted service in Oklahoma allows papers to be left with a competent adult at the recipient's residence or workplace. But strict rules apply—know the requirements.,https://imgur.com/placeholder.jpg,2026-09-09,LinkedIn,https://justlegalsolutions.org/process-serving,SubstitutedService Legal,Pending,Service Methods
"Food for thought: Can someone else accept service for the defendant? Yes, under Oklahoma law, substituted service to a competent adult is valid. But the recipient must meet specific criteria.",https://imgur.com/placeholder.jpg,2026-09-10,Facebook,https://justlegalsolutions.org/process-serving,ServiceRules Oklahoma,Pending,Service Methods
"Pro tip: If you're having trouble serving someone directly, ask your process server about substituted service options. Sometimes this method achieves faster results than repeated direct attempts.",https://imgur.com/placeholder.jpg,2026-09-11,Google Business Profile,https://justlegalsolutions.org/process-serving,ServiceOptions Legal,Pending,Service Methods
Substituted service an option? Ask your process server. Faster results possible. #ServiceOptions #Legal,https://imgur.com/placeholder.jpg,2026-09-12,X.com,https://justlegalsolutions.org/process-serving,OklahomaLaw Service,Pending,Service Methods
Real scenario: A client was frustrated when initial service attempts failed. We explained that multiple attempts are normal and part of due diligence. Managing expectations reduces client stress.,https://imgur.com/placeholder.jpg,2026-09-13,LinkedIn,https://justlegalsolutions.org/process-serving,ClientCommunication Legal,Pending,Expectations
"Food for thought: Why does process serving sometimes take multiple attempts? People work, travel, and have unpredictable schedules. Professional persistence eventually achieves successful service.",https://imgur.com/placeholder.jpg,2026-09-14,Facebook,https://justlegalsolutions.org/process-serving,ServiceAttempts Legal,Pending,Expectations
"Pro tip: Set realistic expectations for service timelines. While we always aim for quick results, quality service sometimes requires patience and persistence. Good outcomes are worth the wait.",https://imgur.com/placeholder.jpg,2026-09-15,Google Business Profile,https://justlegalsolutions.org/process-serving,RealisticExpectations Legal,Pending,Expectations
Multiple attempts = normal. Persistence wins in process serving. #ProcessServer #Legal,https://imgur.com/placeholder.jpg,2026-09-16,X.com,https://justlegalsolutions.org/process-serving,OklahomaLegal Service,Pending,Expectations
Food for thought: What should you do if service fails repeatedly? Your process server should provide detailed attempt documentation for alternative service requests. Every attempt has value.,https://imgur.com/placeholder.jpg,2026-09-17,LinkedIn,https://justlegalsolutions.org/process-serving,FailedService Legal,Pending,Service Challenges
"Real scenario: After 6 unsuccessful attempts, we provided comprehensive documentation that supported our client's motion for alternative service. Detailed records enabled court approval.",https://imgur.com/placeholder.jpg,2026-09-18,Facebook,https://justlegalsolutions.org/process-serving,AlternativeService Legal,Pending,Service Challenges
"Pro tip: When defendants are particularly evasive, consider skip tracing to locate current addresses or patterns. Intelligence gathering improves service success rates significantly.",https://imgur.com/placeholder.jpg,2026-09-19,Google Business Profile,https://justlegalsolutions.org/skip-tracing,EvasiveDefendant Legal,Pending,Service Challenges
Service failing? Skip tracing finds them. Documentation supports alternatives. #SkipTracing #Legal,https://imgur.com/placeholder.jpg,2026-09-20,X.com,https://justlegalsolutions.org/skip-tracing,OklahomaLegal Service,Pending,Service Challenges
"Legal education hook: Rush service in Oklahoma is available for urgent deadlines, but it requires immediate action and clear communication. Understanding rush procedures helps you meet critical timelines.",https://imgur.com/placeholder.jpg,2026-09-21,LinkedIn,https://justlegalsolutions.org/process-serving,RushService Legal,Pending,Rush Service
Food for thought: Need papers served tomorrow in Oklahoma? Rush service is possible with the right preparation and a professional server who understands urgency. Don't wait—act now.,https://imgur.com/placeholder.jpg,2026-09-22,Facebook,https://justlegalsolutions.org/process-serving,UrgentService Oklahoma,Pending,Rush Service
Real scenario: An attorney called at 3 PM needing service by 9 AM for an emergency hearing. Our rush team executed flawlessly with full documentation. Urgency met professionally.,https://imgur.com/placeholder.jpg,2026-09-23,Google Business Profile,https://justlegalsolutions.org/process-serving,EmergencyService Legal,Pending,Rush Service
"Tomorrow's deadline? Rush service makes it happen. Act fast, get results. #RushService #Legal",https://imgur.com/placeholder.jpg,2026-09-24,X.com,https://justlegalsolutions.org/process-serving,OklahomaLegal Urgent,Pending,Rush Service
Pro tip: International service for Oklahoma cases follows specific treaties and conventions. Hague Service Convention procedures apply to many countries—understanding these rules is essential.,https://imgur.com/placeholder.jpg,2026-09-25,LinkedIn,https://justlegalsolutions.org/process-serving,InternationalService Legal,Pending,International
"Food for thought: Serving someone outside the US for your Oklahoma case? International service has strict procedures, longer timelines, and specific documentation requirements.",https://imgur.com/placeholder.jpg,2026-09-26,Facebook,https://justlegalsolutions.org/process-serving,GlobalService Legal,Pending,International
"Real scenario: We coordinated international service to Canada for an Oklahoma case, navigating Hague Convention requirements successfully. International expertise expands your reach.",https://imgur.com/placeholder.jpg,2026-09-27,Google Business Profile,https://justlegalsolutions.org/process-serving,HagueService Legal,Pending,International
International service for Oklahoma cases? Hague Convention expertise required. #InternationalLaw #Legal,https://imgur.com/placeholder.jpg,2026-09-28,X.com,https://justlegalsolutions.org/process-serving,OklahomaLegal Global,Pending,International
"Legal education hook: Oklahoma process servers must meet specific licensing and bonding requirements. Professional servers maintain proper credentials, ensuring your service is valid and defensible.",https://imgur.com/placeholder.jpg,2026-09-29,LinkedIn,https://justlegalsolutions.org/process-serving,ProcessServerLicense Legal,Pending,Licensing
"Food for thought: Is your process server properly licensed in Oklahoma? Unlicensed servers may provide invalid service, putting your case at risk. Always verify credentials before hiring.",https://imgur.com/placeholder.jpg,2026-09-30,Facebook,https://justlegalsolutions.org/process-serving,LicensedServer Oklahoma,Pending,Licensing
Real scenario: We were hired to re-serve papers after an unlicensed server's work was challenged in court. Proper licensing from the start would have prevented the delay and extra cost.,https://imgur.com/placeholder.jpg,2026-10-01,Google Business Profile,https://justlegalsolutions.org/process-serving,ProfessionalLicense Legal,Pending,Licensing
Licensed and bonded Oklahoma process servers. Credentials that protect your case. #LicensedServer #Legal,https://imgur.com/placeholder.jpg,2026-10-02,X.com,https://justlegalsolutions.org/process-serving,OklahomaLegal Professional,Pending,Licensing
"Pro tip: Modern process serving uses technology for GPS tracking, electronic affidavits, and real-time updates. These tools provide transparency and proof that traditional methods cannot match.",https://imgur.com/placeholder.jpg,2026-10-03,LinkedIn,https://justlegalsolutions.org/process-serving,LegalTech ProcessServer,Pending,Technology
"Food for thought: How has technology changed process serving? GPS, mobile apps, and digital documentation have transformed the industry, providing clients with unprecedented visibility and proof.",https://imgur.com/placeholder.jpg,2026-10-04,Facebook,https://justlegalsolutions.org/process-serving,ProcessServerTech Legal,Pending,Technology
Real scenario: Our GPS tracking and photo documentation helped a client win a service challenge in court. Technology doesn't just improve efficiency—it provides legal protection.,https://imgur.com/placeholder.jpg,2026-10-05,Google Business Profile,https://justlegalsolutions.org/process-serving,TechAdvantage Legal,Pending,Technology
"Technology transforms process serving. GPS, photos, real-time updates. Proof matters. #LegalTech #ProcessServer",https://imgur.com/placeholder.jpg,2026-10-06,X.com,https://justlegalsolutions.org/process-serving,OklahomaLegal Tech,Pending,Technology
Legal education hook: AI-powered skip tracing uses machine learning to analyze data patterns and locate hard-to-find individuals. This technology dramatically improves locate rates for evasive defendants.,https://imgur.com/placeholder.jpg,2026-10-07,LinkedIn,https://justlegalsolutions.org/skip-tracing,AISkipTracing Legal,Pending,AI Technology
"Food for thought: How do you find someone who doesn't want to be found? Modern skip tracing combines AI, database analysis, and human intelligence to locate even the most evasive individuals.",https://imgur.com/placeholder.jpg,2026-10-08,Facebook,https://justlegalsolutions.org/skip-tracing,SkipTracingTech Legal,Pending,AI Technology
"Real scenario: AI skip tracing helped us locate a defendant who had moved three times in six months. Technology found patterns human searches missed, leading to successful service.",https://imgur.com/placeholder.jpg,2026-10-09,Google Business Profile,https://justlegalsolutions.org/skip-tracing,AILocate Legal,Pending,AI Technology
AI skip tracing finds patterns humans miss. Technology meets persistence. #AISkipTracing #Legal,https://imgur.com/placeholder.jpg,2026-10-10,X.com,https://justlegalsolutions.org/skip-tracing,LegalTech Oklahoma,Pending,AI Technology
"Food for thought: The legal industry is embracing digital transformation. From e-filing to remote notarization, technology is reshaping how legal services are delivered in Oklahoma and beyond.",https://imgur.com/placeholder.jpg,2026-10-11,LinkedIn,https://justlegalsolutions.org/notary,LegalTrends Digital,Pending,Industry Trends
"Real scenario: We adopted electronic affidavits years ago, positioning our clients ahead of the curve. Staying current with industry trends provides competitive advantages in legal proceedings.",https://imgur.com/placeholder.jpg,2026-10-12,Facebook,https://justlegalsolutions.org/process-serving,IndustryTrends Legal,Pending,Industry Trends
"Pro tip: Follow legal industry trends to stay ahead. Remote services, digital documentation, and AI tools are becoming standard expectations in modern legal practice.",https://imgur.com/placeholder.jpg,2026-10-13,Google Business Profile,https://justlegalsolutions.org/process-serving,LegalInnovation Tech,Pending,Industry Trends
Legal industry going digital. Stay ahead with modern service providers. #LegalTrends #Innovation,https://imgur.com/placeholder.jpg,2026-10-14,X.com,https://justlegalsolutions.org/process-serving,OklahomaLegal Digital,Pending,Industry Trends
"Legal education hook: Professional process servers adhere to strict ethical standards including confidentiality, impartiality, and honesty. These principles protect both clients and the integrity of legal proceedings.",https://imgur.com/placeholder.jpg,2026-10-15,LinkedIn,https://justlegalsolutions.org/process-serving,ProfessionalEthics Legal,Pending,Ethics
"Food for thought: What separates professional process servers from amateurs? Ethics, training, licensing, and accountability. Professional standards ensure reliable, defensible service.",https://imgur.com/placeholder.jpg,2026-10-16,Facebook,https://justlegalsolutions.org/process-serving,ProfessionalStandards Legal,Pending,Ethics
Real scenario: Our commitment to ethical standards meant declining a service request with potential conflicts of interest. Professional integrity sometimes means saying no to protect all parties.,https://imgur.com/placeholder.jpg,2026-10-17,Google Business Profile,https://justlegalsolutions.org/process-serving,EthicalService Legal,Pending,Ethics
Professional ethics matter. Integrity protects your case and the legal process. #ProfessionalEthics #Legal,https://imgur.com/placeholder.jpg,2026-10-18,X.com,https://justlegalsolutions.org/process-serving,OklahomaLegal Standards,Pending,Ethics
Pro tip: Continuing education keeps process servers current on changing laws and procedures. Professional servers invest in ongoing training to maintain expertise and compliance.,https://imgur.com/placeholder.jpg,2026-10-19,LinkedIn,https://justlegalsolutions.org/process-serving,ContinuingEducation Legal,Pending,Education
"Food for thought: How do process servers stay current with changing Oklahoma laws? Continuing education, professional associations, and staying informed about legislative updates.",https://imgur.com/placeholder.jpg,2026-10-20,Facebook,https://justlegalsolutions.org/process-serving,LegalEducation Professional,Pending,Education
Real scenario: A recent change in Oklahoma service procedures affected how we handle certain documents. Our ongoing education ensured immediate compliance with the new requirements.,https://imgur.com/placeholder.jpg,2026-10-21,Google Business Profile,https://justlegalsolutions.org/process-serving,LawUpdates Legal,Pending,Education
"Continuing education keeps professionals current. Law changes, we adapt. #LegalEducation #Professional",https://imgur.com/placeholder.jpg,2026-10-22,X.com,https://justlegalsolutions.org/process-serving,OklahomaLegal Education,Pending,Education
"Food for thought: The process serving industry is evolving rapidly. What worked five years ago may not meet today's standards for documentation, proof, and transparency.",https://imgur.com/placeholder.jpg,2026-10-23,LinkedIn,https://justlegalsolutions.org/process-serving,IndustryEvolution Legal,Pending,Evolution
Real scenario: We invested in new technology platforms that provide clients with real-time service updates. Modern clients expect modern service—evolution is essential.,https://imgur.com/placeholder.jpg,2026-10-24,Facebook,https://justlegalsolutions.org/process-serving,ModernService Legal,Pending,Evolution
"Pro tip: Choose process servers who embrace evolution and improvement. The legal industry demands continuous advancement in technology, procedures, and client service.",https://imgur.com/placeholder.jpg,2026-10-25,Google Business Profile,https://justlegalsolutions.org/process-serving,ServiceEvolution Legal,Pending,Evolution
"Process serving evolves. Technology, standards, expectations. We evolve with it. #ProcessServer #Evolution",https://imgur.com/placeholder.jpg,2026-10-26,X.com,https://justlegalsolutions.org/process-serving,OklahomaLegal Modern,Pending,Evolution
"Legal education hook: Professional associations like NAPPS provide process servers with resources, education, and networking. Membership indicates commitment to professional excellence.",https://imgur.com/placeholder.jpg,2026-10-27,LinkedIn,https://justlegalsolutions.org/process-serving,ProfessionalAssociation Legal,Pending,Associations
"Food for thought: Why does professional association membership matter? It shows commitment to industry standards, ongoing education, and ethical practice. Look for affiliated servers.",https://imgur.com/placeholder.jpg,2026-10-28,Facebook,https://justlegalsolutions.org/process-serving,NAPPS Legal,Pending,Associations
Real scenario: Our NAPPS membership connected us with a server network that helped complete urgent out-of-state service. Professional networks multiply capabilities.,https://imgur.com/placeholder.jpg,2026-10-29,Google Business Profile,https://justlegalsolutions.org/process-serving,ProfessionalNetwork Legal,Pending,Associations
Professional associations = commitment to excellence. Look for the membership. #Professional #Legal,https://imgur.com/placeholder.jpg,2026-10-30,X.com,https://justlegalsolutions.org/process-serving,OklahomaLegal Standards,Pending,Associations
"Pro tip: Quality assurance in process serving means systematic review of documentation, adherence to procedures, and client feedback integration. Professional servers prioritize quality.",https://imgur.com/placeholder.jpg,2026-10-31,LinkedIn,https://justlegalsolutions.org/process-serving,QualityAssurance Legal,Pending,Quality
"Food for thought: How do you ensure consistent quality in process serving? Systems, training, documentation standards, and continuous improvement processes separate professionals from amateurs.",https://imgur.com/placeholder.jpg,2026-11-01,Facebook,https://justlegalsolutions.org/process-serving,ServiceQuality Legal,Pending,Quality
Real scenario: Our quality review process caught a minor documentation error before it reached court. Quality systems prevent problems before they become costly mistakes.,https://imgur.com/placeholder.jpg,2026-11-02,Google Business Profile,https://justlegalsolutions.org/process-serving,QualityControl Legal,Pending,Quality
Quality assurance systems prevent problems. Professional standards protect clients. #Quality #LegalServices,https://imgur.com/placeholder.jpg,2026-11-03,X.com,https://justlegalsolutions.org/process-serving,OklahomaLegal Quality,Pending,Quality
Food for thought: The future of legal service delivery is hybrid—combining human expertise with technological efficiency. Process serving is leading this transformation.,https://imgur.com/placeholder.jpg,2026-11-04,LinkedIn,https://justlegalsolutions.org/process-serving,FutureLegal Legal,Pending,Future
Real scenario: We implemented AI-assisted route optimization that reduced service attempt times by 30%. The future is here—technology enhancing human expertise.,https://imgur.com/placeholder.jpg,2026-11-05,Facebook,https://justlegalsolutions.org/process-serving,LegalFuture Tech,Pending,Future
Pro tip: Forward-thinking legal service providers combine the best of technology and human judgment. This hybrid approach delivers superior results for clients.,https://imgur.com/placeholder.jpg,2026-11-06,Google Business Profile,https://justlegalsolutions.org/process-serving,HybridLegal Legal,Pending,Future
Future of legal services: Human expertise + technology efficiency. The best of both. #FutureLegal #Tech,https://imgur.com/placeholder.jpg,2026-11-07,X.com,https://justlegalsolutions.org/process-serving,OklahomaLegal Innovation,Pending,Future
Legal education hook: Data security in legal services is paramount. Professional process servers maintain strict confidentiality and secure handling of sensitive legal documents.,https://imgur.com/placeholder.jpg,2026-11-08,LinkedIn,https://justlegalsolutions.org/process-serving,DataSecurity Legal,Pending,Security
"Food for thought: How secure is your legal document handling? Professional servers implement security protocols for document storage, transmission, and disposal. Privacy matters.",https://imgur.com/placeholder.jpg,2026-11-09,Facebook,https://justlegalsolutions.org/process-serving,DocumentSecurity Legal,Pending,Security
Real scenario: Our secure document handling protocols protected client information during a data breach at a third-party service. Security measures provide protection when it matters.,https://imgur.com/placeholder.jpg,2026-11-10,Google Business Profile,https://justlegalsolutions.org/process-serving,SecureService Legal,Pending,Security
Document security matters. Professional protocols protect sensitive information. #DataSecurity #Legal,https://imgur.com/placeholder.jpg,2026-11-11,X.com,https://justlegalsolutions.org/process-serving,OklahomaLegal Security,Pending,Security
"Pro tip: Industry certifications beyond basic licensing demonstrate advanced expertise. Look for servers with specialized training in areas like skip tracing, evasive defendant service, and international procedures.",https://imgur.com/placeholder.jpg,2026-11-12,LinkedIn,https://justlegalsolutions.org/process-serving,Certification Legal,Pending,Certification
"Food for thought: What certifications should a professional process server have? Beyond state licensing, advanced certifications in skip tracing, service techniques, and legal procedures indicate expertise.",https://imgur.com/placeholder.jpg,2026-11-13,Facebook,https://justlegalsolutions.org/process-serving,AdvancedCertification Legal,Pending,Certification
Real scenario: Our specialized skip tracing certification enabled us to locate a defendant that other servers couldn't find. Advanced training delivers advanced results.,https://imgur.com/placeholder.jpg,2026-11-14,Google Business Profile,https://justlegalsolutions.org/skip-tracing,CertifiedSkipTracing Legal,Pending,Certification
Advanced certifications = advanced expertise. Look for specialized training. #Certification #Legal,https://imgur.com/placeholder.jpg,2026-11-15,X.com,https://justlegalsolutions.org/process-serving,OklahomaLegal Expert,Pending,Certification
"Food for thought: Your feedback helps us serve Oklahoma better. If we've helped with process serving or notarization, please share your experience. Reviews guide others to quality legal services.",https://imgur.com/placeholder.jpg,2026-11-16,LinkedIn,https://justlegalsolutions.org/process-serving,ClientReview Legal,Pending,Review Request
Real scenario: A new client chose us because of reviews from other Tulsa attorneys. Your feedback doesn't just help us—it helps others find reliable legal services. Share your experience.,https://imgur.com/placeholder.jpg,2026-11-17,Facebook,https://justlegalsolutions.org/tulsa-process-server,TulsaReview Legal,Pending,Review Request
"Pro tip: When choosing a process server, read recent reviews. They reveal current service quality, reliability, and professionalism. Then leave your own review to help others.",https://imgur.com/placeholder.jpg,2026-11-18,Google Business Profile,https://justlegalsolutions.org/process-serving,ReviewTips Legal,Pending,Review Request
Loved our service? Leave a review. Help others find quality legal support. #Review #LegalServices,https://imgur.com/placeholder.jpg,2026-11-19,X.com,https://justlegalsolutions.org/process-serving,OklahomaLegal Review,Pending,Review Request
"Did you know? Oklahoma has 77 district courts, one for each county. That's a lot of courthouses to know! Our statewide coverage means we serve them all.",https://imgur.com/placeholder.jpg,2026-11-20,LinkedIn,https://justlegalsolutions.org/process-serving,OklahomaFact Legal,Pending,Did You Know
Did you know? The first process servers were called 'summoners' in medieval England. Today's professional servers carry on that ancient tradition with modern technology.,https://imgur.com/placeholder.jpg,2026-11-21,Facebook,https://justlegalsolutions.org/process-serving,LegalHistory ProcessServer,Pending,Did You Know
Did you know? GPS tracking in process serving can pinpoint service attempts within feet. Technology provides proof that was impossible just decades ago.,https://imgur.com/placeholder.jpg,2026-11-22,Google Business Profile,https://justlegalsolutions.org/process-serving,GPSFact LegalTech,Pending,Did You Know
Did you know? Oklahoma notaries can perform both acknowledgments and jurats. Each serves different legal purposes. #DidYouKnow #Notary,https://imgur.com/placeholder.jpg,2026-11-23,X.com,https://justlegalsolutions.org/notary,OklahomaNotary Facts,Pending,Did You Know
Question: What's your biggest challenge with legal document service in Oklahoma? Share your experience—we might feature solutions in an upcoming post!,https://imgur.com/placeholder.jpg,2026-11-24,LinkedIn,https://justlegalsolutions.org/process-serving,LegalQuestion Oklahoma,Pending,Question Post
Question: Have you ever needed a notary in a hurry? How did you handle it? We'd love to hear your stories!,https://imgur.com/placeholder.jpg,2026-11-25,Facebook,https://justlegalsolutions.org/notary,NotaryQuestion Legal,Pending,Question Post
"Question: What do you look for when choosing a process server? Price, speed, experience, or something else? Tell us what matters most to you!",https://imgur.com/placeholder.jpg,2026-11-26,Google Business Profile,https://justlegalsolutions.org/process-serving,ProcessServerQuestion Legal,Pending,Question Post
Question: Ever had papers served to you? What was your experience like? Share your perspective. #Question #Legal,https://imgur.com/placeholder.jpg,2026-11-27,X.com,https://justlegalsolutions.org/process-serving,OklahomaLegal Question,Pending,Question Post
"Pro tip: Our blog covers Oklahoma legal procedures, process serving tips, and notary guidance. Check out our latest articles for insights that help you navigate the legal system.",https://imgur.com/placeholder.jpg,2026-11-28,LinkedIn,https://justlegalsolutions.org/blog/,LegalBlog Oklahoma,Pending,Blog Promo
"Food for thought: Want to stay informed about Oklahoma legal procedures? Our blog publishes regular updates on process serving, notary services, and legal industry trends.",https://imgur.com/placeholder.jpg,2026-11-29,Facebook,https://justlegalsolutions.org/blog/,OklahomaBlog Legal,Pending,Blog Promo
Real scenario: A client found our blog post about Oklahoma service requirements and avoided a costly mistake. Knowledge shared is problems prevented. Visit our blog today.,https://imgur.com/placeholder.jpg,2026-11-30,Google Business Profile,https://justlegalsolutions.org/blog/,LegalEducation Blog,Pending,Blog Promo
New blog post: Oklahoma service requirements explained. Knowledge that protects your case. #Blog #LegalEducation,https://imgur.com/placeholder.jpg,2026-12-01,X.com,https://justlegalsolutions.org/blog/,OklahomaLegal Blog,Pending,Blog Promo
"Client feedback: 'Fast, professional service when we needed it most. Just Legal Solutions saved our court deadline.' Thank you for trusting us with your legal needs!",https://imgur.com/placeholder.jpg,2026-12-02,LinkedIn,https://justlegalsolutions.org/process-serving,ClientTestimonial Legal,Pending,Testimonial
Attorney review: 'Reliable process serving across Oklahoma. Their GPS tracking and documentation give me confidence in court.' We appreciate the trust Tulsa attorneys place in us!,https://imgur.com/placeholder.jpg,2026-12-03,Facebook,https://justlegalsolutions.org/tulsa-process-server,AttorneyReview Tulsa,Pending,Testimonial
"What clients say: 'Hospital notary service was a lifesaver. Professional, compassionate, and fast.' Mobile notary when and where you need it most.",https://imgur.com/placeholder.jpg,2026-12-04,Google Business Profile,https://justlegalsolutions.org/mobile-notary,NotaryTestimonial Legal,Pending,Testimonial
'Best process server in Tulsa.' Client words that drive us. Thank you for your trust! #Testimonial #Tulsa,https://imgur.com/placeholder.jpg,2026-12-05,X.com,https://justlegalsolutions.org/tulsa-process-server,TulsaLegal Review,Pending,Testimonial
Food for thought: Holiday schedules can affect court deadlines and service timelines in Oklahoma. Plan ahead for seasonal closures and reduced courthouse hours.,https://imgur.com/placeholder.jpg,2026-12-06,LinkedIn,https://justlegalsolutions.org/process-serving,HolidaySchedule Legal,Pending,Seasonal
"Pro tip: End-of-year legal deadlines approaching? Don't wait until the last minute. Rush service is available, but planning ahead saves stress and money.",https://imgur.com/placeholder.jpg,2026-12-07,Facebook,https://justlegalsolutions.org/process-serving,YearEndLegal Legal,Pending,Seasonal
Real scenario: We helped multiple clients meet year-end filing deadlines with rush service and weekend availability. Holiday crunch time? We're here to help.,https://imgur.com/placeholder.jpg,2026-12-08,Google Business Profile,https://justlegalsolutions.org/process-serving,HolidayService Legal,Pending,Seasonal
"Holiday deadlines approaching? Plan ahead, avoid the rush. We're here to help. #HolidayLegal #Oklahoma",https://imgur.com/placeholder.jpg,2026-12-09,X.com,https://justlegalsolutions.org/process-serving,OklahomaLegal Seasonal,Pending,Seasonal
"Food for thought: Building relationships in the legal community matters. We work with attorneys, paralegals, and legal professionals across Oklahoma every day. Partnership drives success.",https://imgur.com/placeholder.jpg,2026-12-10,LinkedIn,https://justlegalsolutions.org/process-serving,LegalCommunity Oklahoma,Pending,Community
Real scenario: A Tulsa law firm has trusted us with their process serving for five years. Long-term relationships are built on consistent quality and reliability.,https://imgur.com/placeholder.jpg,2026-12-11,Facebook,https://justlegalsolutions.org/tulsa-process-server,LongTermClient Legal,Pending,Community
Pro tip: Find a process server you can build a long-term relationship with. Familiarity with your needs improves service quality over time.,https://imgur.com/placeholder.jpg,2026-12-12,Google Business Profile,https://justlegalsolutions.org/process-serving,ClientRelationship Legal,Pending,Community
"Long-term relationships, consistent quality. That's the Just Legal Solutions difference. #LegalPartnership #Oklahoma",https://imgur.com/placeholder.jpg,2026-12-13,X.com,https://justlegalsolutions.org/process-serving,OklahomaLegal Partners,Pending,Community
Did you know? Process servers in Oklahoma must follow strict rules about when and where they can attempt service. Professional servers know these rules inside and out.,https://imgur.com/placeholder.jpg,2026-12-14,LinkedIn,https://justlegalsolutions.org/process-serving,OklahomaRules Legal,Pending,Did You Know
"Did you know? Mobile notary services can come to hospitals, nursing homes, and private residences. Legal services where you need them, when you need them.",https://imgur.com/placeholder.jpg,2026-12-15,Facebook,https://justlegalsolutions.org/mobile-notary,MobileNotaryFact Legal,Pending,Did You Know
"Did you know? Skip tracing can find people using public records, social media, and database searches. Modern locate techniques are remarkably effective.",https://imgur.com/placeholder.jpg,2026-12-16,Google Business Profile,https://justlegalsolutions.org/skip-tracing,SkipTracingFact Legal,Pending,Did You Know
Did you know? Apostille certification is required for documents going to countries in the Hague Convention. International document authentication made simple. #Apostille #International,https://imgur.com/placeholder.jpg,2026-12-17,X.com,https://justlegalsolutions.org/apostille,ApostilleFact Legal,Pending,Did You Know
"Question: What's the most important quality in a process server? Reliability, speed, communication, or something else? We want to know what you value!",https://imgur.com/placeholder.jpg,2026-12-18,LinkedIn,https://justlegalsolutions.org/process-serving,QualityQuestion Legal,Pending,Question Post
Question: Ever used mobile notary services? What was your experience? Share your story with us!,https://imgur.com/placeholder.jpg,2026-12-19,Facebook,https://justlegalsolutions.org/mobile-notary,MobileNotaryQuestion Legal,Pending,Question Post
"Question: How do you handle tight legal deadlines? Rush service, advance planning, or a combination? Tell us your strategy!",https://imgur.com/placeholder.jpg,2026-12-20,Google Business Profile,https://justlegalsolutions.org/process-serving,DeadlineQuestion Legal,Pending,Question Post
Question: What's your experience with skip tracing? Found someone you thought was lost? Share your story! #Question #SkipTracing,https://imgur.com/placeholder.jpg,2026-12-21,X.com,https://justlegalsolutions.org/skip-tracing,OklahomaLegal Question,Pending,Question Post
Food for thought: Word-of-mouth remains powerful in the legal industry. A referral from a trusted colleague often carries more weight than any advertisement. Thank you for your referrals!,https://imgur.com/placeholder.jpg,2026-12-22,LinkedIn,https://justlegalsolutions.org/process-serving,LegalReferrals Oklahoma,Pending,Referrals
Real scenario: A Tulsa attorney referred us to three colleagues after experiencing our service quality. Referrals are the highest compliment we can receive.,https://imgur.com/placeholder.jpg,2026-12-23,Facebook,https://justlegalsolutions.org/tulsa-process-server,ClientReferral Tulsa,Pending,Referrals
"Pro tip: When you find a reliable legal service provider, share the recommendation. Your colleagues will thank you, and you'll strengthen professional relationships.",https://imgur.com/placeholder.jpg,2026-12-24,Google Business Profile,https://justlegalsolutions.org/process-serving,ReferralTips Legal,Pending,Referrals
Referrals are our highest compliment. Thank you for trusting us with your colleagues. #Referral #LegalCommunity,https://imgur.com/placeholder.jpg,2026-12-25,X.com,https://justlegalsolutions.org/process-serving,OklahomaLegal Thanks,Pending,Referrals
"Client feedback: 'Professional, courteous, and efficient. Just Legal Solutions is our go-to for all Oklahoma service needs.' Reviews like this make our work meaningful!",https://imgur.com/placeholder.jpg,2026-12-26,LinkedIn,https://justlegalsolutions.org/process-serving,ClientReview Legal,Pending,Testimonial
What attorneys say: 'Their knowledge of Oklahoma law and attention to detail sets them apart.' We take pride in being true legal professionals.,https://imgur.com/placeholder.jpg,2026-12-27,Facebook,https://justlegalsolutions.org/process-serving,AttorneyFeedback Legal,Pending,Testimonial
Hospital notary client: 'Compassionate service during a difficult time. Highly recommend.' Mobile notary with heart and professionalism.,https://imgur.com/placeholder.jpg,2026-12-28,Google Business Profile,https://justlegalsolutions.org/mobile-notary,CompassionateService Legal,Pending,Testimonial
'Exceptional service every time.' That's the standard we strive for. Thank you for your trust! #ExceptionalService #Legal,https://imgur.com/placeholder.jpg,2026-12-29,X.com,https://justlegalsolutions.org/process-serving,OklahomaLegal Excellence,Pending,Testimonial
"Pro tip: Follow us for regular updates on Oklahoma legal procedures, process serving tips, and industry insights. Knowledge shared is success multiplied.",https://imgur.com/placeholder.jpg,2026-12-30,LinkedIn,https://justlegalsolutions.org/blog/,FollowUs Legal,Pending,Follow CTA
Food for thought: Staying informed about legal procedures protects your interests. Our social channels share regular updates on Oklahoma law and legal services.,https://imgur.com/placeholder.jpg,2026-12-31,Facebook,https://justlegalsolutions.org/process-serving,StayInformed Legal,Pending,Follow CTA
Real scenario: A follower saw our post about Oklahoma service requirements and avoided a costly error. Following legal education channels provides ongoing value.,https://imgur.com/placeholder.jpg,2027-01-01,Google Business Profile,https://justlegalsolutions.org/process-serving,FollowValue Legal,Pending,Follow CTA
"Follow us for Oklahoma legal updates, tips, and insights. Knowledge is power. #Follow #LegalEducation",https://imgur.com/placeholder.jpg,2027-01-02,X.com,https://justlegalsolutions.org/process-serving,OklahomaLegal Follow,Pending,Follow CTA
"Food for thought: Summer vacation season can affect service attempts in Oklahoma. People travel, schedules change, and service may require additional attempts. Plan accordingly.",https://imgur.com/placeholder.jpg,2027-01-03,LinkedIn,https://justlegalsolutions.org/process-serving,SummerService Legal,Pending,Seasonal
Pro tip: Back-to-school season means changed schedules for many Oklahoma families. Service attempts may need timing adjustments for successful completion.,https://imgur.com/placeholder.jpg,2027-01-04,Facebook,https://justlegalsolutions.org/process-serving,BackToSchool Legal,Pending,Seasonal
Real scenario: We adjusted our attempt schedule during summer vacation season to account for travel patterns. Flexibility and awareness improve service success rates.,https://imgur.com/placeholder.jpg,2027-01-05,Google Business Profile,https://justlegalsolutions.org/process-serving,SeasonalService Legal,Pending,Seasonal
Seasonal changes affect service patterns. Professional servers adapt to succeed. #SeasonalService #Oklahoma,https://imgur.com/placeholder.jpg,2027-01-06,X.com,https://justlegalsolutions.org/process-serving,OklahomaLegal Seasonal,Pending,Seasonal
Question: What's your biggest frustration with legal services? Slow response? Hidden fees? Poor communication? Tell us what you'd like to see improved!,https://imgur.com/placeholder.jpg,2027-01-07,LinkedIn,https://justlegalsolutions.org/process-serving,ImprovementQuestion Legal,Pending,Question Post
"Food for thought: Transparency builds trust. That's why we provide clear pricing, regular updates, and detailed documentation. No surprises, just professional service.",https://imgur.com/placeholder.jpg,2027-01-08,Facebook,https://justlegalsolutions.org/process-serving,Transparency Legal,Pending,Value Prop
"Real scenario: A client chose us specifically because of our transparent pricing policy. No hidden fees, no surprises—just honest, professional service.",https://imgur.com/placeholder.jpg,2027-01-09,Google Business Profile,https://justlegalsolutions.org/process-serving,TransparentPricing Legal,Pending,Value Prop
"Transparent pricing, clear communication, professional service. That's our promise. #Transparency #LegalServices",https://imgur.com/placeholder.jpg,2027-01-10,X.com,https://justlegalsolutions.org/process-serving,OklahomaLegal Promise,Pending,Value Prop
